t_s,fps,cpu_little_mhz,cpu_mid_mhz,cpu_big_mhz,gpu_mhz,gpu_busy_pct,temp_big_c,temp_mid_c,temp_little_c,temp_gpu_c,temp_batt_c,batt_pct,batt_current_ma,charging
2,0.0,1690,1872,533,0,0,38,38,39,37,33.1,50,302,Charging
4,0.0,2210,728,2600,0,0,38,38,39,37,33.1,50,258,Charging
6,0.0,2210,1248,533,0,0,37,38,39,37,33.1,50,365,Charging
8,0.0,1690,2288,1144,0,0,38,38,39,37,33.0,50,204,Charging
11,0.0,2210,2080,533,0,0,37,38,39,37,33.0,50,306,Charging
13,0.0,2210,1768,1664,0,0,37,38,39,37,33.0,50,182,Charging
15,0.0,2210,2080,533,0,0,37,37,39,37,33.0,50,306,Charging
18,0.0,2210,1768,2912,0,0,38,38,39,37,33.0,50,247,Charging
20,0.0,2210,1040,533,0,0,37,37,38,36,33.0,50,350,Charging
22,0.0,2210,1872,1872,0,0,37,38,39,36,33.0,50,236,Charging
25,0.0,2210,832,533,0,0,37,37,39,36,33.0,50,354,Charging
27,0.0,2210,1872,1248,0,0,37,37,39,36,33.0,50,285,Charging
29,0.8,2106,2288,2080,0,0,39,38,40,36,32.9,50,340,Charging
31,64.0,2210,2704,2912,494,13,54,58,61,43,32.8,50,-1897,Discharging
34,111.8,2210,1872,1768,312,1,48,50,50,44,32.8,50,-883,Discharging
36,89.2,2210,2808,2912,312,0,59,58,59,47,32.8,50,-769,Discharging
38,0.0,1690,1976,533,0,0,45,45,46,44,32.8,50,-351,Discharging
40,0.0,2210,1768,533,0,0,42,43,43,41,32.8,50,-155,Discharging
158,0.0,2210,2704,2184,130,0,36,37,37,34,29.7,50,-412,Discharging
260,0.0,2210,2808,2912,130,0,40,43,44,33,29.0,50,-1334,Discharging
302,5.0,1586,2288,1456,312,9,49,51,51,40,28.8,50,-1325,Discharging
304,70.0,2210,2600,2392,0,0,43,44,46,40,28.8,50,-209,Discharging
306,72.9,2210,2288,1768,403,32,44,45,46,41,28.8,50,-1279,Discharging
308,95.4,2002,2288,1872,403,23,44,45,46,41,28.8,50,-825,Discharging
311,80.4,1690,1664,1352,0,0,42,43,43,41,28.8,50,-450,Discharging
313,13.7,2002,1976,533,0,0,40,40,41,38,28.8,50,-297,Discharging
315,33.7,2210,2288,533,0,0,41,42,42,39,28.8,50,-366,Discharging
317,33.7,2210,2704,1976,312,23,42,43,43,39,28.8,50,-653,Discharging
320,11.9,1794,1352,533,0,0,37,38,39,37,28.8,50,-341,Discharging
322,34.9,2210,1976,533,0,0,39,40,41,38,28.8,50,-322,Discharging
324,60.8,2210,2288,1872,0,0,40,39,40,38,28.8,50,-362,Discharging
326,44.0,2210,2808,2808,0,0,61,48,52,41,28.8,50,-1333,Discharging
328,57.1,2210,2080,533,312,4,47,49,49,43,28.8,50,-807,Discharging
331,49.7,2210,1352,533,221,9,43,45,47,41,30.6,50,-959,Discharging
333,68.7,2002,2704,533,221,6,43,45,46,41,30.6,50,-684,Discharging
335,60.0,2210,1976,533,312,7,42,45,45,40,30.6,50,-447,Discharging
337,52.4,2210,2808,1976,221,9,43,44,46,40,30.6,50,-586,Discharging
340,55.3,2002,2704,2080,221,4,45,45,46,41,30.6,50,-837,Discharging
342,33.3,2210,2392,2496,403,26,47,48,49,42,30.6,50,-1123,Discharging
344,74.8,1794,2392,1872,312,19,47,48,49,42,30.6,50,-1388,Discharging
346,90.0,2210,2392,2184,312,12,50,49,52,44,30.6,50,-920,Discharging
348,81.6,2210,2288,1976,312,19,47,49,50,43,30.6,50,-705,Discharging
351,88.7,2210,2288,1352,312,7,49,50,50,44,30.6,50,-860,Discharging
353,74.7,2210,1456,1976,0,0,46,47,49,43,30.6,50,-382,Discharging
355,34.1,1690,2184,533,0,0,43,44,45,42,30.6,50,-478,Discharging
357,0.0,2210,1976,533,0,0,40,42,42,40,30.6,50,-418,Discharging
360,0.8,2210,1352,533,0,0,39,40,40,39,30.6,50,-434,Discharging
362,72.8,2210,1248,1248,0,0,40,41,41,39,31.0,50,-476,Discharging
364,81.4,1794,2808,2184,221,0,42,42,44,40,31.0,50,-712,Discharging
366,33.4,2210,1872,2080,130,3,41,42,43,38,31.0,50,-752,Discharging
369,67.4,2210,2288,2600,312,0,41,42,42,38,31.0,50,-293,Discharging
371,37.3,1586,2080,533,0,0,39,40,41,38,31.0,50,-336,Discharging
373,0.0,2210,2704,533,0,0,37,38,39,37,31.0,50,-275,Discharging
375,62.5,1586,1768,1768,221,16,41,41,43,38,31.0,50,-780,Discharging
378,88.2,1170,1976,2080,130,0,41,42,43,38,31.0,50,-555,Discharging
380,61.4,2210,2288,1768,221,6,41,42,42,38,31.0,50,-454,Discharging
382,46.3,1690,1768,533,0,0,39,41,41,38,31.0,50,-439,Discharging
384,8.2,2210,2184,2080,130,0,39,41,41,37,31.0,50,-659,Discharging
387,104.0,2210,2184,1768,221,19,42,42,43,38,31.0,50,-763,Discharging
389,76.2,2002,2184,1768,221,12,41,42,43,39,31.0,50,-703,Discharging
391,73.0,2210,1768,2080,221,7,40,43,43,38,30.8,50,-650,Discharging
393,79.4,1898,1768,1976,221,10,41,42,42,39,30.8,50,-575,Discharging
396,4.0,2210,2080,1768,0,0,38,38,40,37,30.8,50,-449,Discharging
398,65.0,1690,1560,2912,0,0,61,59,60,42,30.8,50,-1500,Discharging
400,34.6,1898,2184,2184,221,0,43,46,46,42,30.8,50,-707,Discharging
402,53.5,1794,2184,2080,312,0,45,45,46,41,30.8,50,-627,Discharging
404,21.1,2210,2080,1664,403,33,46,49,49,43,30.8,50,-1256,Discharging
407,61.8,2210,2808,533,403,29,46,46,48,43,30.8,50,-727,Discharging
409,58.1,1898,2184,1976,403,34,47,47,49,43,30.8,50,-1164,Discharging
411,96.8,2210,2184,624,585,24,49,49,50,45,30.8,50,-501,Discharging
413,46.3,2210,1976,1872,312,20,48,50,50,44,30.8,50,-1235,Discharging
415,62.0,2210,1872,1872,312,25,48,49,50,44,30.8,50,-1147,Discharging
418,62.5,1898,2704,2184,221,13,49,50,51,45,30.8,50,-870,Discharging
420,53.2,962,1768,2080,403,6,51,52,52,45,30.8,50,-981,Discharging
422,60.5,2210,1456,1248,403,27,50,51,53,46,31.0,49,-925,Discharging
424,62.7,2106,1976,2288,494,4,51,52,53,47,31.0,49,-1332,Discharging
426,63.7,2210,2080,624,494,30,50,52,54,47,31.0,49,-735,Discharging
429,42.2,2106,2288,2184,403,2,50,52,53,46,31.0,49,-1093,Discharging
431,42.0,2210,2288,1872,676,26,53,53,55,46,31.0,49,-1063,Discharging
433,40.7,2210,1664,2184,403,10,49,51,52,46,31.0,49,-524,Discharging
435,32.5,1586,2080,624,676,18,49,51,52,46,31.0,49,-1116,Discharging
437,55.0,1898,1872,1872,494,1,52,52,54,47,31.0,49,-932,Discharging
440,57.2,2210,2080,2080,676,0,52,52,54,48,31.0,49,-1045,Discharging
442,45.7,2002,2288,1976,403,5,51,56,54,48,31.0,49,-1071,Discharging
444,56.8,2210,2184,1976,585,50,51,52,54,48,31.0,49,-1781,Discharging
446,61.3,2002,2080,1768,403,46,51,52,55,49,31.0,49,-1690,Discharging
448,62.8,2210,2080,533,585,5,52,53,57,49,31.0,49,-1225,Discharging
450,64.3,2210,1976,1976,676,5,53,53,55,50,31.0,49,-1116,Discharging
453,61.0,2210,1768,1872,494,30,54,54,56,50,31.6,49,-1198,Discharging
455,64.7,2210,2288,533,494,30,53,57,56,51,31.6,49,-1145,Discharging
457,63.8,2210,1768,1768,494,34,55,54,56,51,31.6,49,-1095,Discharging
459,63.0,1898,1976,2184,585,32,57,56,58,52,31.6,49,-1132,Discharging
462,66.3,2210,2288,1976,494,38,57,56,58,52,31.6,49,-1342,Discharging
464,64.2,1898,2496,1768,403,38,55,56,58,52,31.6,49,-857,Discharging
466,62.3,2210,1768,1768,494,29,56,56,58,52,31.6,49,-991,Discharging
468,60.9,1794,936,1768,676,7,56,57,58,52,31.6,49,-935,Discharging
470,74.6,2210,2080,1976,585,27,57,56,58,53,31.6,49,-949,Discharging
472,61.7,2106,1456,1768,585,35,56,56,59,53,31.6,49,-1116,Discharging
475,57.2,1898,2288,2912,403,38,63,60,62,53,31.6,49,-1561,Discharging
477,60.9,2106,2080,2704,494,24,60,58,61,54,31.6,49,-1165,Discharging
479,68.7,2210,2080,1768,403,37,60,58,61,54,31.6,49,-1280,Discharging
481,63.9,2210,2704,2288,494,34,58,60,62,53,32.4,49,-1032,Discharging
483,66.6,2210,2080,2704,494,42,60,58,61,54,32.4,49,-1413,Discharging
486,60.7,2210,2288,1248,403,37,56,58,60,53,32.4,49,-893,Discharging
488,48.6,2210,2496,1352,676,3,56,57,57,51,32.4,49,-890,Discharging
490,73.0,2210,2184,2912,403,14,56,55,58,51,32.4,49,-1606,Discharging
492,59.9,2210,1456,1976,312,31,52,53,55,49,32.4,49,-853,Discharging
494,60.0,2210,1976,832,312,27,53,53,55,49,32.4,49,-1167,Discharging
497,59.6,2106,1456,1976,312,14,51,54,54,49,32.4,49,-1029,Discharging
499,60.4,2210,1976,1976,312,18,52,54,54,48,32.4,49,-693,Discharging
501,68.9,1898,1248,1352,312,19,52,52,54,49,32.4,49,-821,Discharging
503,46.5,2210,1976,1976,0,0,50,51,53,47,32.4,49,-499,Discharging
505,27.6,1898,1352,2912,403,6,61,61,60,50,32.4,49,-1481,Discharging
508,104.6,2106,2288,2288,403,37,63,63,66,53,32.4,49,-1743,Discharging
510,109.3,2210,2808,2600,403,43,69,66,68,55,32.4,49,-1036,Discharging
512,85.3,2210,2184,2288,494,38,66,65,67,56,32.7,49,-1735,Discharging
514,118.8,2210,2496,2496,494,15,72,73,73,58,32.7,49,-2339,Discharging
516,107.7,2210,2496,2496,403,36,74,72,74,60,32.7,49,-1974,Discharging
519,120.0,2210,2184,2392,403,32,72,71,74,61,32.7,49,-1582,Discharging
521,103.6,2106,2392,2496,403,11,75,73,75,61,32.7,49,-2166,Discharging
523,112.6,2106,2184,2496,403,35,75,74,77,63,32.7,49,-1826,Discharging
525,117.3,2106,2392,2392,403,43,77,80,79,64,32.7,49,-1966,Discharging
527,105.3,2106,2184,2392,494,39,76,77,78,65,32.7,49,-1561,Discharging
530,117.5,2106,2392,2184,403,31,75,76,79,65,32.7,49,-1862,Discharging
532,116.6,2106,2392,2184,494,6,80,76,79,66,32.7,49,-1616,Discharging
534,113.5,2106,2392,2288,585,48,77,74,77,66,32.7,49,-1600,Discharging
536,62.7,2210,2496,1768,676,94,72,73,74,65,32.7,49,-1550,Discharging
538,61.1,1690,1872,1872,494,49,67,67,69,63,32.7,49,-1065,Discharging
541,68.1,1794,2080,1768,676,19,66,67,68,63,32.7,49,-1208,Discharging
543,63.3,1794,1768,2080,494,39,66,66,67,61,34.0,49,-1202,Discharging
545,61.0,1690,1872,1872,676,21,64,64,66,63,34.0,49,-1148,Discharging
547,60.0,1794,2184,2080,676,53,66,65,66,61,34.0,49,-1261,Discharging
550,60.9,1690,1872,1768,676,47,64,64,67,61,34.0,49,-1489,Discharging
552,63.1,1690,1872,1040,494,53,63,63,66,61,34.0,49,-1383,Discharging
554,59.3,1690,1872,1872,494,49,63,63,64,60,34.0,49,-1277,Discharging
556,62.9,1794,2184,1872,494,50,65,64,67,61,34.0,49,-1456,Discharging
558,62.0,1794,2184,1768,494,50,65,64,66,61,34.0,49,-1109,Discharging
561,62.0,1794,2184,1872,767,48,65,65,67,61,34.0,49,-1110,Discharging
563,60.0,1690,1872,1872,585,35,63,62,64,59,34.0,49,-1344,Discharging
565,64.7,1794,1872,1872,494,48,63,63,66,59,34.0,49,-1224,Discharging
567,67.8,1794,1768,1352,585,52,62,63,64,59,34.0,49,-820,Discharging
570,64.2,1794,1976,1872,676,16,64,63,64,59,34.0,49,-1291,Discharging
572,61.6,1690,1872,1872,676,65,62,62,64,58,34.0,48,-1014,Discharging
574,69.9,1794,2184,2184,494,37,68,66,68,59,34.7,48,-1549,Discharging
576,116.8,1794,2184,2184,403,30,70,68,70,60,34.7,48,-1712,Discharging
579,119.5,1794,2184,2184,494,47,72,72,72,61,34.7,48,-1785,Discharging
581,82.4,1690,1872,1872,312,30,67,65,67,60,34.7,48,-900,Discharging
583,59.8,1690,1872,624,312,30,62,62,64,58,34.7,48,-989,Discharging
585,84.4,1794,2184,2184,403,35,67,68,69,60,34.7,48,-1632,Discharging
588,118.0,1794,2080,1872,403,30,68,67,69,60,34.7,48,-1407,Discharging
590,106.6,1794,2184,2184,494,19,69,70,69,61,34.7,48,-1337,Discharging
592,113.9,1794,2184,2184,403,34,70,69,71,61,34.7,48,-1314,Discharging
594,115.7,1794,2184,2184,403,3,72,72,72,62,34.7,48,-1507,Discharging
597,117.6,1794,2184,2184,403,35,73,72,73,64,34.7,48,-1344,Discharging
599,68.4,1794,2184,2184,494,23,70,68,71,63,34.7,48,-1350,Discharging
601,109.3,1794,2184,2184,403,38,73,74,75,64,34.7,48,-1777,Discharging
603,110.2,1794,2184,2184,403,37,75,72,74,65,35.1,48,-1556,Discharging
606,110.5,1794,2184,2184,494,37,74,75,76,65,35.1,48,-1526,Discharging
608,103.0,1794,2184,2184,403,26,78,79,78,66,35.1,48,-1996,Discharging
610,103.4,1794,1768,2184,494,42,76,72,75,66,35.1,48,-1429,Discharging
612,60.2,1794,1872,2184,494,29,74,70,73,66,35.1,48,-1438,Discharging
615,58.3,1690,1456,1248,403,15,68,68,70,64,35.1,48,-1036,Discharging
617,65.1,1794,1872,1768,403,35,68,68,70,63,35.1,48,-1447,Discharging
619,62.8,1170,1768,1768,494,38,67,66,68,63,35.1,48,-1152,Discharging
621,60.3,1690,2184,1872,585,35,66,67,67,62,35.1,48,-1294,Discharging
624,67.7,1794,1872,1768,494,44,66,65,67,62,35.1,48,-1358,Discharging
626,64.8,1794,1872,1976,676,0,67,65,67,62,35.1,48,-1277,Discharging
628,63.8,1794,2184,1872,676,36,66,66,68,61,35.1,48,-1365,Discharging
630,61.1,1690,1872,533,403,49,65,64,65,61,35.1,48,-1234,Discharging
633,61.5,1690,1872,1872,585,37,64,64,65,61,35.9,48,-956,Discharging
635,64.5,1690,2184,2184,494,44,65,66,66,61,35.9,48,-1220,Discharging
637,63.6,1690,1872,728,494,28,63,64,66,60,35.9,48,-1478,Discharging
639,91.9,1794,2184,2184,403,42,70,68,70,61,35.9,48,-1790,Discharging
641,119.0,1794,2184,2184,403,5,73,71,73,63,35.9,48,-1677,Discharging
644,118.0,1794,2184,2184,403,10,74,76,75,64,35.9,48,-1537,Discharging
646,104.4,1794,2184,2184,676,28,75,73,76,65,35.9,48,-1651,Discharging
648,78.0,1690,1560,1560,403,49,72,70,71,64,35.9,48,-1018,Discharging
650,94.6,1690,1872,1872,494,30,69,69,71,63,35.9,48,-1245,Discharging
653,100.8,1690,1768,1768,403,35,68,71,69,62,35.9,48,-1245,Discharging
655,92.1,1690,1872,1872,403,43,69,70,71,62,35.9,48,-1265,Discharging
657,118.3,1690,1872,1872,403,43,70,69,70,63,35.9,48,-1419,Discharging
659,119.5,1690,1872,1872,403,31,69,68,70,62,35.9,48,-1205,Discharging
662,104.4,1690,1872,1872,403,32,69,68,69,63,35.9,48,-1233,Discharging
664,110.3,1690,1872,1872,494,36,69,70,70,63,36.2,47,-1479,Discharging
666,104.3,1690,1872,1872,403,43,70,70,71,63,36.2,47,-1289,Discharging
668,104.9,1690,1872,1872,494,14,70,70,71,63,36.2,47,-1294,Discharging
671,118.7,1690,1872,1872,585,54,71,70,72,64,36.2,47,-1085,Discharging
673,70.5,1690,1872,1872,403,37,68,67,68,63,36.2,47,-1448,Discharging
675,105.7,1690,1872,1872,494,51,70,70,71,63,36.2,47,-1232,Discharging
677,111.2,1690,1872,1872,494,47,70,71,72,63,36.2,47,-1300,Discharging
680,112.8,1690,1872,1872,403,50,71,71,72,64,36.2,47,-1558,Discharging
682,117.4,1690,1872,1872,403,38,72,72,73,64,36.2,47,-1650,Discharging
684,117.7,1690,1872,1872,403,57,72,71,73,64,36.2,47,-1346,Discharging
686,116.5,1690,1872,1872,403,36,74,72,74,65,36.2,47,-1374,Discharging
689,118.4,1690,1872,1872,585,15,72,72,73,65,36.2,47,-1473,Discharging
691,114.4,1690,1872,1872,403,31,73,73,73,65,36.2,47,-1252,Discharging
693,80.1,1690,1872,1872,312,33,72,70,71,64,36.7,47,-1389,Discharging
696,92.4,1586,1872,1872,676,29,70,68,70,63,36.7,47,-962,Discharging
698,112.3,1690,1872,1872,494,38,72,72,73,64,36.7,47,-1604,Discharging
700,112.3,1690,1872,1872,494,51,72,72,73,64,36.7,47,-1205,Discharging
702,112.9,1690,1872,1872,403,32,72,73,73,65,36.7,47,-1360,Discharging
705,113.4,1690,1872,1872,494,4,73,72,74,65,36.7,47,-1369,Discharging
707,116.5,1690,1872,1872,403,24,74,71,74,65,36.7,47,-1631,Discharging
709,117.8,1690,1872,1872,403,35,72,73,74,65,36.7,47,-1454,Discharging
711,115.2,1690,1872,1872,403,37,74,73,74,65,36.7,47,-1463,Discharging
714,112.5,1690,1872,1872,403,5,74,73,75,66,36.7,47,-1582,Discharging
716,99.5,1690,1872,1872,494,5,72,73,74,66,36.7,47,-1660,Discharging
718,118.5,1690,1872,1872,494,28,74,74,76,66,36.7,47,-1369,Discharging
721,118.1,1690,1872,1872,403,33,74,73,75,66,36.7,47,-1348,Discharging
723,114.6,1690,1872,1872,403,38,74,78,76,66,36.7,47,-1526,Discharging
725,115.6,1690,1872,1872,494,32,74,74,75,66,37.0,47,-1497,Discharging
728,116.2,1690,1872,1872,403,41,74,75,76,68,37.0,47,-1486,Discharging
730,116.2,1690,1872,1872,403,46,73,74,76,66,37.0,47,-1360,Discharging
732,112.2,1690,1872,1872,403,21,75,74,76,66,37.0,47,-1717,Discharging
734,117.0,1690,1872,1872,403,32,74,74,75,66,37.0,47,-1497,Discharging
737,115.7,1690,1872,1872,494,24,74,73,75,67,37.0,47,-1410,Discharging
739,114.2,1690,1872,1872,403,47,74,76,76,66,37.0,47,-1406,Discharging
741,110.7,1690,1872,1872,403,47,74,74,75,67,37.0,47,-1477,Discharging
743,98.2,1586,1872,1768,403,34,73,71,73,66,37.0,47,-1332,Discharging
746,58.8,1690,936,533,403,49,69,68,70,65,37.0,47,-965,Discharging
748,50.2,1690,1872,1872,403,100,68,67,70,65,37.0,47,-934,Discharging
750,47.7,1586,1352,1144,403,25,65,65,66,61,37.0,47,-1002,Discharging
752,80.3,1690,1872,1872,403,22,69,69,70,63,37.0,47,-1461,Discharging
755,111.3,1690,1872,1872,403,5,71,71,72,63,37.6,47,-1631,Discharging
757,118.9,1690,1872,1872,403,41,72,72,73,64,37.6,47,-1454,Discharging
759,114.9,1690,1872,1872,403,27,72,74,73,65,37.6,47,-1762,Discharging
761,117.5,1690,1872,1872,403,4,73,71,74,65,37.6,47,-1518,Discharging
764,118.9,1690,1872,1872,403,35,74,73,75,65,37.6,47,-1527,Discharging
766,114.8,1690,1872,1872,403,27,75,74,76,66,37.6,47,-1465,Discharging
768,117.6,1690,1872,1872,403,48,74,75,75,66,37.6,47,-1341,Discharging
770,118.6,1690,1872,1872,403,42,74,72,75,66,37.6,47,-1341,Discharging
773,119.2,1690,1872,1872,403,45,74,73,76,66,37.6,47,-1542,Discharging
775,116.4,1690,1872,1872,403,39,75,74,76,67,37.6,47,-1632,Discharging
777,111.0,1690,1872,1872,403,45,74,74,75,66,37.6,47,-1483,Discharging
780,112.2,1690,1872,1872,403,33,74,74,75,66,37.6,47,-1547,Discharging
782,106.9,1690,1872,1872,403,51,74,76,75,66,37.6,47,-1418,Discharging
784,117.7,1690,1872,1872,403,44,74,75,76,67,37.8,46,-1540,Discharging
786,119.2,1690,1872,1872,403,41,75,75,76,66,37.8,46,-1469,Discharging
789,117.6,1690,1560,1560,403,6,73,74,75,67,37.8,46,-1421,Discharging
791,113.4,1690,1560,1560,403,56,74,73,74,66,37.8,46,-1320,Discharging
793,106.5,1690,1560,1560,403,17,71,71,73,65,37.8,46,-1243,Discharging
796,112.5,1690,1560,1560,403,36,71,71,73,65,37.8,46,-1685,Discharging
798,113.5,1690,1560,1560,403,18,71,71,72,65,37.8,46,-1217,Discharging
800,106.6,1690,1560,1560,403,43,71,71,72,64,37.8,46,-1244,Discharging
802,109.6,1690,1560,1560,403,43,72,71,72,65,37.8,46,-1532,Discharging
805,108.6,1690,1560,1560,403,5,71,70,72,65,37.8,46,-1515,Discharging
807,117.3,1690,1560,1560,403,2,72,70,71,65,37.8,46,-1327,Discharging
809,67.8,1690,1560,1560,403,37,70,70,71,64,37.8,46,-1374,Discharging
812,108.6,1690,1560,1560,403,57,70,70,71,64,37.8,46,-1473,Discharging
814,115.4,1690,1560,1560,403,36,69,71,71,64,38.1,46,-1519,Discharging
816,112.9,1690,1560,1560,403,22,70,70,71,64,38.1,46,-1205,Discharging
819,112.9,1690,1560,1560,403,31,70,69,70,63,38.1,46,-1224,Discharging
821,107.7,1690,1560,1560,403,42,70,70,71,64,38.1,46,-1370,Discharging
823,91.7,1690,1560,1560,403,41,68,69,70,63,38.1,46,-1283,Discharging
825,76.6,1690,1560,1560,403,36,68,68,70,63,38.1,46,-1131,Discharging
828,115.8,1690,1560,1560,403,32,70,69,71,63,38.1,46,-1177,Discharging
830,118.6,1690,1560,1560,403,31,69,70,71,64,38.1,46,-1304,Discharging
832,112.6,1690,1560,1560,403,3,69,70,71,63,38.1,46,-1367,Discharging
835,114.4,1690,1560,1560,403,52,68,69,70,63,38.1,46,-1201,Discharging
837,95.2,1690,1560,1560,403,0,69,69,70,63,38.1,46,-804,Discharging
839,68.7,1690,1560,1560,403,0,68,66,69,63,38.1,46,-1465,Discharging
841,60.7,1586,1352,1352,403,77,66,66,67,63,38.1,46,-1059,Discharging
844,54.5,1690,1560,1560,403,34,66,65,67,61,38.1,46,-1080,Discharging
846,53.9,1690,1560,1560,403,37,65,65,66,60,38.1,46,-1077,Discharging
848,62.9,1690,1560,1560,403,3,65,66,67,60,38.1,46,-1324,Discharging
851,109.4,1690,1560,1560,403,2,66,67,68,61,38.1,46,-1195,Discharging
853,89.9,1690,1560,1560,403,43,67,66,67,61,38.1,46,-1319,Discharging
855,106.4,1690,1560,1560,403,21,66,67,68,61,38.1,46,-1151,Discharging
857,90.1,1586,1352,1352,312,26,65,65,65,60,38.1,46,-965,Discharging
860,81.4,1690,1560,1560,403,59,66,66,67,60,38.1,46,-1230,Discharging
862,104.3,1690,1560,1560,403,22,67,66,68,61,38.1,46,-1484,Discharging
864,117.0,1690,1560,1560,403,20,67,67,68,61,38.1,46,-1340,Discharging
867,115.9,1690,1560,1560,403,52,67,67,68,61,38.1,46,-1234,Discharging
869,104.3,1690,1560,1560,403,46,68,68,68,61,38.1,46,-1142,Discharging
871,109.6,1690,1560,1560,403,20,68,68,69,62,38.1,46,-1208,Discharging
874,110.3,1690,1560,1560,403,43,68,68,69,62,38.1,46,-1286,Discharging
876,117.7,1690,1560,1560,403,4,68,70,69,62,38.1,46,-1550,Discharging
878,118.2,1690,1560,1560,403,44,68,68,70,62,38.1,46,-1139,Discharging
880,113.1,1690,1560,1560,403,37,68,70,70,63,38.1,46,-1205,Discharging
883,102.5,1690,1560,1560,403,37,69,68,70,63,38.1,46,-1224,Discharging
885,104.3,1690,1560,1560,403,62,69,71,70,63,38.1,46,-1293,Discharging
887,110.6,1690,1560,1560,403,46,69,70,71,64,38.1,46,-1360,Discharging
890,112.9,1690,1560,1560,403,48,70,69,71,64,38.1,46,-1374,Discharging
892,116.0,1690,1560,1560,403,40,69,70,71,64,38.1,46,-1350,Discharging
894,115.3,1690,1560,1560,403,45,69,70,71,64,38.1,46,-1293,Discharging
897,116.0,1690,1560,1560,403,40,70,69,71,64,38.1,46,-1247,Discharging
899,112.9,1690,1560,1560,312,46,71,70,71,64,38.1,46,-1175,Discharging
901,118.8,1690,1560,1560,403,5,70,70,71,64,38.1,46,-1174,Discharging
904,111.4,1690,1560,1560,403,45,69,69,71,64,38.1,46,-1070,Discharging
906,105.5,1690,1560,1560,403,49,69,71,71,64,38.3,45,-1351,Discharging
908,110.9,1690,1560,1560,403,27,70,70,71,64,38.3,45,-1073,Discharging
910,109.9,1690,1560,1560,403,2,71,70,71,64,38.3,45,-1329,Discharging
913,116.0,1690,1560,1560,403,41,70,72,72,64,38.3,45,-1374,Discharging
915,92.6,1690,1560,1560,403,29,69,68,70,64,38.3,45,-1276,Discharging
917,68.4,1690,1560,1560,403,51,69,67,70,63,38.3,45,-1360,Discharging
920,99.1,1690,1560,1560,403,28,68,67,70,63,38.3,45,-1179,Discharging
922,111.8,1690,1560,1560,403,45,69,71,71,64,38.3,45,-1109,Discharging
924,117.1,1690,1560,1560,403,41,70,71,72,64,38.3,45,-1265,Discharging
926,90.3,1690,1560,1560,403,24,69,68,71,63,38.3,45,-1280,Discharging
929,103.5,1690,1560,1560,403,46,69,69,70,64,38.3,45,-1257,Discharging
931,98.2,1690,1560,1560,403,38,70,69,70,64,38.3,45,-1301,Discharging
933,88.1,1690,1560,1560,403,5,68,68,70,63,38.3,45,-1325,Discharging
936,97.8,1690,1560,1560,403,4,69,68,70,63,38.6,45,-1209,Discharging
938,107.9,1690,1560,1560,403,27,69,69,70,63,38.6,45,-1138,Discharging
940,98.6,1690,1560,1560,403,24,69,70,71,64,38.6,45,-1540,Discharging
942,100.8,1690,1560,1560,403,44,69,71,70,63,38.6,45,-1108,Discharging
945,105.7,1690,1560,1560,403,39,68,70,70,63,38.6,45,-1356,Discharging
947,100.4,1690,1560,1560,403,22,69,69,70,64,38.6,45,-1271,Discharging
949,94.3,1690,1560,1560,403,46,69,71,71,64,38.6,45,-1606,Discharging
952,108.6,1690,1560,1560,403,36,70,70,71,64,38.6,45,-1280,Discharging
954,91.6,1690,1560,1560,403,55,70,69,70,63,38.6,45,-1185,Discharging
956,96.1,1690,1560,1560,312,35,69,69,70,64,38.6,45,-1236,Discharging
958,90.7,1690,1560,1560,403,42,69,71,71,64,38.6,45,-1425,Discharging
961,118.3,1690,1560,1560,403,34,69,69,71,63,38.6,45,-1175,Discharging
963,113.1,1690,1560,1560,403,55,70,70,70,64,38.6,45,-1229,Discharging
965,112.1,1690,1560,1560,403,43,69,70,71,65,38.8,45,-1513,Discharging
968,55.4,1690,1560,1560,403,38,67,67,68,63,38.8,45,-1114,Discharging
970,60.0,1690,1560,1560,403,40,67,68,68,62,38.8,45,-1099,Discharging
972,40.0,1586,1144,1040,403,17,63,65,65,60,38.8,45,-792,Discharging
974,54.5,1690,1560,1560,403,17,66,65,67,61,38.8,45,-1088,Discharging
977,92.5,1690,1560,1560,403,56,67,66,68,61,38.8,45,-1180,Discharging
979,105.6,1690,1560,1560,403,47,67,68,69,61,38.8,45,-1284,Discharging
981,113.4,1690,1560,1560,403,41,68,70,70,63,38.8,45,-1219,Discharging
984,116.2,1690,1560,1560,403,53,70,68,70,63,38.8,45,-1412,Discharging
986,103.4,1690,1560,1560,403,45,70,68,70,64,38.8,45,-1182,Discharging
988,107.4,1690,1560,1560,403,48,69,71,71,64,38.8,45,-1477,Discharging
991,116.5,1690,1560,1560,403,42,70,69,71,64,38.8,45,-1253,Discharging
993,109.2,1690,1560,1560,403,51,70,69,71,64,38.8,45,-1235,Discharging
995,95.6,1690,1560,1560,403,58,70,68,70,64,38.8,45,-1006,Discharging
997,92.5,1690,1560,1560,403,57,70,69,71,64,38.8,45,-1391,Discharging
1000,116.6,1690,1560,1560,403,43,70,72,72,65,38.8,45,-1470,Discharging
1002,107.3,1690,1560,1560,403,48,70,69,71,64,38.8,45,-1165,Discharging
1004,104.3,1690,1560,1560,403,14,70,71,71,64,38.8,45,-1457,Discharging
1007,113.9,1690,1560,1560,403,17,70,70,71,64,38.8,45,-1358,Discharging
1009,118.6,1690,1560,1560,403,30,71,71,72,65,38.8,45,-1633,Discharging
1011,98.2,1690,1560,1560,403,72,71,70,71,65,38.8,45,-1218,Discharging
1013,110.5,1690,1560,1560,312,35,72,70,72,65,38.8,45,-1410,Discharging
1016,113.8,1690,1560,1560,403,16,72,72,73,65,38.8,45,-1427,Discharging
1018,103.8,1690,1560,1560,403,34,71,73,73,65,38.8,45,-1385,Discharging
1020,111.9,1690,1560,1560,312,49,71,73,73,65,38.8,45,-1163,Discharging
1023,119.9,1690,1560,1560,403,35,72,71,72,65,38.8,45,-1127,Discharging
1025,117.2,1690,1560,1560,403,46,70,72,72,65,38.8,45,-1236,Discharging
1027,98.2,1690,1560,1560,403,39,72,72,72,66,39.0,44,-1276,Discharging
1029,113.5,1690,1560,1560,403,18,71,71,72,65,39.0,44,-1209,Discharging
1032,104.0,1690,1560,1560,403,40,70,73,72,65,39.0,44,-1460,Discharging
1034,110.3,1690,1560,1560,403,42,72,70,72,65,39.0,44,-1326,Discharging
1036,99.5,1690,1560,1560,403,47,71,71,73,65,39.0,44,-1448,Discharging
1039,109.9,1690,1560,1560,403,23,72,70,72,65,39.0,44,-1425,Discharging
1041,120.1,1690,1560,1560,403,4,72,71,73,65,39.0,44,-1245,Discharging
1043,110.0,1690,1560,1560,403,53,71,72,72,65,39.0,44,-1284,Discharging
1046,116.5,1690,1560,1560,403,71,71,71,72,65,39.0,44,-1399,Discharging
1048,120.3,1690,1560,1560,403,10,71,73,72,65,39.0,44,-1296,Discharging
1050,103.9,1690,1560,1560,403,36,72,71,72,65,39.0,44,-1333,Discharging
1052,80.4,1690,1560,1560,403,45,70,71,72,65,39.0,44,-1442,Discharging
1055,115.3,1690,1560,1560,403,37,71,70,72,65,39.0,44,-1248,Discharging
1057,109.5,1690,1560,1560,403,14,70,71,72,65,39.3,44,-1385,Discharging
1059,113.0,1690,1560,1560,403,2,71,70,72,65,39.3,44,-1226,Discharging
1062,115.3,1690,1560,1560,403,38,70,70,72,64,39.3,44,-1230,Discharging
1064,105.2,1690,1560,1560,403,23,70,72,72,65,39.3,44,-1278,Discharging
1066,116.2,1690,1560,1560,403,29,72,72,73,65,39.3,44,-1476,Discharging
1069,111.6,1690,1560,1560,403,38,71,73,73,65,39.3,44,-1445,Discharging
1071,119.0,1690,1560,1560,403,36,72,72,73,65,39.3,44,-1216,Discharging
1073,117.1,1690,1560,1560,403,19,72,72,73,65,39.3,44,-1233,Discharging
1075,118.6,1690,1560,1560,403,38,73,71,73,66,39.3,44,-1381,Discharging
1078,119.1,1690,1560,1560,403,37,72,73,74,66,39.3,44,-1506,Discharging
1080,119.2,1690,1560,1560,403,49,72,72,73,66,39.3,44,-1435,Discharging
1082,118.4,1690,1560,1560,403,27,73,72,73,66,39.3,44,-1506,Discharging
1085,103.1,1690,1560,1560,403,42,71,72,73,66,39.3,44,-1342,Discharging
1087,82.2,1690,1560,1560,403,5,71,71,73,65,39.5,44,-1456,Discharging
1089,113.6,1690,1560,1560,403,40,71,73,73,66,39.5,44,-1201,Discharging
1092,117.5,1690,1560,1560,312,36,72,74,73,66,39.5,44,-1575,Discharging
1094,111.6,1690,1560,1560,403,38,74,72,74,66,39.5,44,-1157,Discharging
1096,107.8,1690,1560,1560,403,39,73,73,74,67,39.5,44,-1534,Discharging
1098,117.1,1690,1560,1560,403,29,72,72,73,66,39.5,44,-1330,Discharging
1101,118.1,1690,1560,1560,403,48,73,72,73,66,39.5,44,-1305,Discharging
1103,116.3,1690,1560,1560,403,41,72,74,73,66,39.5,44,-1613,Discharging
1105,102.1,1690,1560,1560,403,11,72,72,73,65,39.5,44,-1121,Discharging
1108,119.4,1690,1560,1560,403,5,72,72,73,65,39.5,44,-1162,Discharging
1110,97.4,1690,1560,1560,403,46,72,71,72,65,39.5,44,-1267,Discharging
1112,87.5,1586,1352,1352,403,48,69,68,70,65,39.5,44,-946,Discharging
1115,59.9,1586,1352,1352,403,55,66,67,68,64,39.5,44,-992,Discharging
1117,61.2,1690,1560,1560,403,36,68,68,69,64,39.7,44,-1066,Discharging
1119,53.0,1586,1352,1352,403,47,67,65,68,64,39.7,44,-1232,Discharging
1122,52.6,1690,1560,1560,403,3,66,66,67,62,39.7,44,-868,Discharging
1124,62.8,1586,1144,1144,312,20,63,63,64,60,39.7,44,-785,Discharging
1126,60.1,1586,1040,1352,312,18,63,63,64,59,39.7,44,-799,Discharging
1128,47.8,858,1040,1352,403,43,62,63,62,59,39.7,44,-775,Discharging
1131,58.3,1586,1352,624,403,93,61,61,63,60,39.7,44,-924,Discharging
1133,61.3,1690,1560,1560,403,55,62,63,64,60,39.7,44,-1159,Discharging
1135,62.8,1690,1560,1560,403,98,64,63,64,61,39.7,44,-1171,Discharging
1138,61.9,1586,1248,1352,403,41,63,63,64,60,39.7,44,-873,Discharging
1140,65.6,1690,1560,1560,403,35,63,63,64,60,39.7,44,-969,Discharging
1142,81.8,1690,1560,1560,403,35,64,64,64,60,39.7,44,-991,Discharging
1144,60.7,1586,1352,533,0,0,59,58,59,57,39.7,44,-373,Discharging
1147,77.0,1690,1560,1560,312,0,65,65,67,59,39.3,43,-1182,Discharging
1149,88.2,2210,2808,2912,0,0,65,66,66,59,39.3,43,-651,Discharging
1151,0.4,1482,533,533,0,0,56,58,57,55,39.3,43,-372,Discharging
1154,6.8,2210,2808,2912,403,5,65,63,66,55,38.5,43,-1564,Charging
1156,116.9,2106,2392,2392,312,13,75,76,76,61,38.5,43,-1774,Charging
1158,110.7,1690,1560,1560,0,0,68,69,69,61,38.5,43,-180,Charging
1160,4.4,1586,1144,533,0,0,58,59,59,57,38.5,43,298,Charging
1163,0.0,962,1352,533,0,0,55,56,56,53,38.5,43,265,Charging
1165,5.4,1170,1352,1352,0,0,53,53,54,52,37.2,43,282,Charging
1167,0.0,1482,1352,533,0,0,52,51,52,50,37.2,43,302,Charging
1170,0.8,1586,533,533,0,0,50,50,51,50,37.2,43,331,Charging
1172,0.0,1586,936,533,0,0,49,49,49,49,37.2,43,335,Charging
1175,2.4,1482,1040,533,0,0,49,50,49,48,36.8,43,319,Charging
1177,0.0,1586,1352,533,0,0,48,48,48,47,36.8,43,331,Charging
1179,0.0,1170,1248,533,0,0,47,48,48,47,36.8,43,316,Charging
1182,0.0,1482,533,533,0,0,46,47,47,46,36.8,43,308,Charging
1184,0.4,1170,533,533,0,0,46,46,47,46,36.7,43,289,Charging
